[{"assetType":"Application","assetObject":{"name":"eKycESB","id":"34b81525-0694-412e-b380-863d2bd93ba9","status":"Success","explanation":"OK","warning":false}},{"assetType":"PolicyAction","assetObject":{"name":"Policy Action [Invoke webMethods IS] -> Policy For API Sidbi Request transaction[2.0]","id":"caaaf59c-2738-4ac9-af80-f00815989d70","status":"Success","explanation":"OK","warning":false}},{"assetType":"PolicyAction","assetObject":{"name":"Policy Action [Invoke webMethods IS] -> Policy For API Sidbi Request transaction[2.0]","id":"94b21c28-012e-49a9-952e-bb429f964ef4","status":"Success","explanation":"OK","warning":false}},{"assetType":"PolicyAction","assetObject":{"name":"Policy Action [Response Transformation] -> Policy For API Sidbi Request transaction[2.0]","id":"89d0d4f7-f6ed-4c97-916a-abcac591ed3e","status":"Success","explanation":"OK","warning":false}},{"assetType":"PassmanData","assetObject":{"name":"API_ACCESS_KEY34b81525-0694-412e-b380-863d2bd93ba9","id":"API_ACCESS_KEY34b81525-0694-412e-b380-863d2bd93ba9","status":"Success","explanation":"OK","warning":false}},{"assetType":"PolicyAction","assetObject":{"name":"Policy Action [Conditional Routing] -> Policy For API Sidbi Request transaction[2.0]","id":"029c9e44-4238-4a7f-a5ea-019167bd8e56","status":"Success","explanation":"OK","warning":false}},{"assetType":"RegisteredApplication","assetObject":{"name":"RegisteredApplication [ eKycESB ]","id":"34b81525-0694-412e-b380-863d2bd93ba9","status":"Success","explanation":"OK","warning":false}},{"assetType":"API","assetObject":{"name":"Sidbi Request transaction[2.0]","id":"259c93c2-c721-4f0f-bc9c-c7f23cad1ca2","status":"Success","explanation":"OK","warning":false}},{"assetType":"PolicyAction","assetObject":{"name":"Policy Action [Log Invocation] -> Policy For API Sidbi Request transaction[2.0]","id":"230d328d-6bc2-453f-88fb-dd4e3beb0378","status":"Success","explanation":"OK","warning":false}},{"assetType":"PolicyAction","assetObject":{"name":"Policy Action [Identify & Authorize] -> Policy For API Sidbi Request transaction[2.0]","id":"3c027c04-b419-4280-8de6-7250c647ea77","status":"Success","explanation":"OK","warning":false}},{"assetType":"Policy","assetObject":{"name":"Policy For API Sidbi Request transaction[2.0]","id":"d0265217-5a09-4072-820d-859e2afe18f0","status":"Success","explanation":"OK","warning":false}},{"assetType":"PolicyAction","assetObject":{"name":"Policy Action [Enable HTTP / HTTPS] -> Policy For API Sidbi Request transaction[2.0]","id":"e04ee58c-4ba6-42d4-8c77-e5aedb177a12","status":"Success","explanation":"OK","warning":false}}]